[
  {
    "name": "org.springframework.beans.factory.support.DefaultListableBeanFactory",
    "allDeclaredConstructors": true
  },
  {
    "name": "org.springframework.context.annotation.AnnotationConfigApplicationContext",
"methods": [{"name":"<init>", "parameterTypes": []}]

  },
  {
    "name": "org.springframework.context.support.GenericApplicationContext",
    "allDeclaredConstructors": true
  },
  {
    "name": "org.springframework.context.support.AbstractApplicationContext",
    "allDeclaredConstructors": true
  },
  {
    "name": "org.springframework.core.io.DefaultResourceLoader",
    "allDeclaredConstructors": true
  },
  {
    "name": "org.springframework.context.annotation.ConfigurationClassPostProcessor",
    "allDeclaredConstructors": true
  },
  {
    "name": "org.springframework.context.event.DefaultEventListenerFactory",
    "allDeclaredConstructors": true
  },
  {
    "name": "org.springframework.context.event.EventListenerMethodProcessor",
    "allDeclaredConstructors": true
  }
]
